{
    "(('train', (('Tier1', ('guatemala_volcano',)),)), ('val', (('Tier1', ('hurricane_florence',)),)))": {
        "loc": [
            0.020081043243408203,
            0.9799189567565918
        ],
        "cls": [
            7.679784175707027e-05,
            0.004750911612063646,
            0.28186455368995667,
            0.5744083523750305,
            0.13889934122562408
        ]
    },
    "(('Tier3', ('joplin_tornado',)),)": {
        "loc": [
            0.10151919722557068,
            0.8984807729721069
        ],
        "cls": [
            0.004459122661501169,
            0.06942080706357956,
            0.26786699891090393,
            0.42663896083831787,
            0.2316141128540039
        ]
    }
}