{
    "(('train', (('Tier1', ('guatemala_volcano',)),)), ('val', (('Tier1', ('hurricane_florence',)),)))": {
        "loc": [
            0.020081043243408203,
            0.9799189567565918
        ],
        "cls": [
            7.679784175707027e-05,
            0.004750911612063646,
            0.28186455368995667,
            0.5744083523750305,
            0.13889934122562408
        ]
    },
    "(('Tier3', ('joplin_tornado',)),)": {
        "loc": [
            0.10151919722557068,
            0.8984807729721069
        ],
        "cls": [
            0.004459122661501169,
            0.06942080706357956,
            0.26786699891090393,
            0.42663896083831787,
            0.2316141128540039
        ]
    },
    "(('train', (('Tier1', ('guatemala_volcano', 'mexico_earthquake', 'midwest_flooding', 'palu_tsunami', 'santa_rosa_wildfire', 'socal_fire')), ('Hold', ('guatemala_volcano', 'mexico_earthquake', 'midwest_flooding', 'palu_tsunami', 'santa_rosa_wildfire', 'socal_fire')), ('Test', ('guatemala_volcano', 'mexico_earthquake', 'midwest_flooding', 'palu_tsunami', 'santa_rosa_wildfire', 'socal_fire')), ('Tier3', ('joplin_tornado', 'lower_puna_volcano', 'moore_tornado', 'nepal_flooding', 'pinery_bushfire', 'portugal_wildfire', 'sunda_tsunami', 'tuscaloosa_tornado', 'woolsey_fire')))), ('val', (('Tier1', ('hurricane_florence', 'hurricane_harvey', 'hurricane_matthew', 'hurricane_michael')), ('Hold', ('hurricane_florence', 'hurricane_harvey', 'hurricane_matthew', 'hurricane_michael')), ('Test', ('hurricane_florence', 'hurricane_harvey', 'hurricane_matthew', 'hurricane_michael')))))": {
        "loc": [
            0.027361195534467697,
            0.9726388454437256
        ],
        "cls": [
            0.0003537119773682207,
            0.01490691863000393,
            0.35847243666648865,
            0.4620252251625061,
            0.16424168646335602
        ]
    }
}